"feature_id","module_id","is_tf","is_hk","basal"
"Burn1_TF1","Burn1",TRUE,FALSE,1
"Burn2_TF1","Burn2",TRUE,FALSE,0
"Burn3_TF1","Burn3",TRUE,FALSE,0
"Burn4_TF1","Burn4",TRUE,FALSE,0
"A1_TF1","A1",TRUE,FALSE,0
"A2_TF1","A2",TRUE,FALSE,0
"A3_TF1","A3",TRUE,FALSE,0
"A4_TF1","A4",TRUE,FALSE,0
"A5_TF1","A5",TRUE,FALSE,0
"A6_TF1","A6",TRUE,FALSE,0
"B1_TF1","B1",TRUE,FALSE,0
"B2_TF1","B2",TRUE,FALSE,0
"B3_TF1","B3",TRUE,FALSE,0
"B4_TF1","B4",TRUE,FALSE,1
"B5_TF1","B5",TRUE,FALSE,1
"B6_TF1","B6",TRUE,FALSE,0
"B7_TF1","B7",TRUE,FALSE,0
"B8_TF1","B8",TRUE,FALSE,0
"B9_TF1","B9",TRUE,FALSE,0
"B10_TF1","B10",TRUE,FALSE,0
"B11_TF1","B11",TRUE,FALSE,0
"B12_TF1","B12",TRUE,FALSE,0
"B13_TF1","B13",TRUE,FALSE,0
"B14_TF1","B14",TRUE,FALSE,0
"C1_TF1","C1",TRUE,FALSE,0
"C2_TF1","C2",TRUE,FALSE,0
"C3_TF1","C3",TRUE,FALSE,0
"C4_TF1","C4",TRUE,FALSE,0
"C5_TF1","C5",TRUE,FALSE,0
"C6_TF1","C6",TRUE,FALSE,0
"D1_TF1","D1",TRUE,FALSE,0
"D2_TF1","D2",TRUE,FALSE,0
"D3_TF1","D3",TRUE,FALSE,0
"D4_TF1","D4",TRUE,FALSE,0
"Target1",NA,FALSE,FALSE,1e-04
"Target2",NA,FALSE,FALSE,0.5
"Target3",NA,FALSE,FALSE,1e-04
"Target4",NA,FALSE,FALSE,1
"Target5",NA,FALSE,FALSE,1e-04
"Target6",NA,FALSE,FALSE,0.5
"Target7",NA,FALSE,FALSE,1e-04
"Target8",NA,FALSE,FALSE,1e-04
"Target9",NA,FALSE,FALSE,1e-04
"Target10",NA,FALSE,FALSE,1e-04
"Target11",NA,FALSE,FALSE,1
"Target12",NA,FALSE,FALSE,1e-04
"Target13",NA,FALSE,FALSE,1e-04
"Target14",NA,FALSE,FALSE,1e-04
"Target15",NA,FALSE,FALSE,1e-04
"Target16",NA,FALSE,FALSE,1
"Target17",NA,FALSE,FALSE,1e-04
"Target18",NA,FALSE,FALSE,1e-04
"Target19",NA,FALSE,FALSE,1e-04
"Target20",NA,FALSE,FALSE,1
"Target21",NA,FALSE,FALSE,1
"Target22",NA,FALSE,FALSE,1e-04
"Target23",NA,FALSE,FALSE,1e-04
"Target24",NA,FALSE,FALSE,1
"Target25",NA,FALSE,FALSE,1e-04
"Target26",NA,FALSE,FALSE,1e-04
"Target27",NA,FALSE,FALSE,1
"Target28",NA,FALSE,FALSE,1e-04
"Target29",NA,FALSE,FALSE,1e-04
"Target30",NA,FALSE,FALSE,1e-04
"Target31",NA,FALSE,FALSE,1e-04
"Target32",NA,FALSE,FALSE,1e-04
"Target33",NA,FALSE,FALSE,1e-04
"Target34",NA,FALSE,FALSE,0.5
"Target35",NA,FALSE,FALSE,1e-04
"Target36",NA,FALSE,FALSE,1e-04
"Target37",NA,FALSE,FALSE,1
"Target38",NA,FALSE,FALSE,1
"Target39",NA,FALSE,FALSE,1e-04
"Target40",NA,FALSE,FALSE,1e-04
"Target41",NA,FALSE,FALSE,1e-04
"Target42",NA,FALSE,FALSE,1
"Target43",NA,FALSE,FALSE,1e-04
"Target44",NA,FALSE,FALSE,1e-04
"Target45",NA,FALSE,FALSE,1
"Target46",NA,FALSE,FALSE,1e-04
"Target47",NA,FALSE,FALSE,1e-04
"Target48",NA,FALSE,FALSE,1e-04
"Target49",NA,FALSE,FALSE,1e-04
"Target50",NA,FALSE,FALSE,1e-04
"Target51",NA,FALSE,FALSE,1e-04
"Target52",NA,FALSE,FALSE,1e-04
"Target53",NA,FALSE,FALSE,1e-04
"Target54",NA,FALSE,FALSE,1
"Target55",NA,FALSE,FALSE,1e-04
"Target56",NA,FALSE,FALSE,1e-04
"Target57",NA,FALSE,FALSE,1
"Target58",NA,FALSE,FALSE,1e-04
"Target59",NA,FALSE,FALSE,1e-04
"Target60",NA,FALSE,FALSE,1e-04
"Target61",NA,FALSE,FALSE,1
"Target62",NA,FALSE,FALSE,1e-04
"Target63",NA,FALSE,FALSE,1e-04
"Target64",NA,FALSE,FALSE,1e-04
"Target65",NA,FALSE,FALSE,1e-04
"Target66",NA,FALSE,FALSE,1
"Target67",NA,FALSE,FALSE,1e-04
"Target68",NA,FALSE,FALSE,1e-04
"Target69",NA,FALSE,FALSE,1e-04
"Target70",NA,FALSE,FALSE,1e-04
"HK1",NA,FALSE,TRUE,1
"HK2",NA,FALSE,TRUE,1
"HK3",NA,FALSE,TRUE,1e-04
"HK4",NA,FALSE,TRUE,1e-04
"HK5",NA,FALSE,TRUE,1e-04
"HK6",NA,FALSE,TRUE,1e-04
"HK7",NA,FALSE,TRUE,1
"HK8",NA,FALSE,TRUE,1e-04
"HK9",NA,FALSE,TRUE,1e-04
"HK10",NA,FALSE,TRUE,1e-04
"HK11",NA,FALSE,TRUE,1e-04
"HK12",NA,FALSE,TRUE,1e-04
"HK13",NA,FALSE,TRUE,1e-04
"HK14",NA,FALSE,TRUE,1e-04
"HK15",NA,FALSE,TRUE,1e-04
"HK16",NA,FALSE,TRUE,1e-04
"HK17",NA,FALSE,TRUE,1e-04
"HK18",NA,FALSE,TRUE,1
"HK19",NA,FALSE,TRUE,1e-04
"HK20",NA,FALSE,TRUE,1
